text,true_emotion,predicted_emotion
I think @Sam_Canaday &amp; @KYLEJDOWSON must actually have to be working like me &amp; @dowson_brady because I havent got any snap chat videos today,anger,sadness
@TrussElise Obama must be fuming.. lol,anger,joy
"You're so thirsty for the chance to disagree w/ the left, that you don't even realize when something is an affront to your bigoted platform.",anger,anger
My eyes have been dilated. I hate the world right now with the rage of a thousand fiery dragons. I need a drink.,anger,anger
@danbloom1 beware the fury of a weak king,anger,anger
"Is it me, or is Ding wearing the look of a man who's just found his arch enemy in bed with his missus? #angryman #scowl",anger,anger
@LeonWobYP b***er off. NCFC is a grudge match :),anger,joy
"@huwellwell One chosen by the CLP members! MP seats are not for people to dole out to their mates, we elect candidates. #fuming",anger,anger
It's the most magical time of the year......Xmas party announced and the #outrage commences. Gotta love Silicon Valley millennials.,anger,anger
@RealJamesWoods @KennyCoble saddest part of this whole mess is that all of this #anger is #misdirected they should march 2 the #WhiteHouse,anger,anger
Ok scrubbed hands 5 times before trying to put them in.\nEyeballs #burning \n#EvenMoreBlind accidentally scared the #cat whilst #screeching,anger,fear
@ZubairSabirPTI  pls dont insult the word 'Molna',anger,anger
@SSheil coincidentally watched Ulzana's Raid last night - brutally indignant filmmaking.,anger,anger
@RevTrevK @Wolfman93011 @Daraidernation @EROCKhd Take 2k out of it the numbers on madden are low and have dropped and people are unhappy,anger,anger
@__NETFLIXNCHILL I fuck with madden way harder,anger,joy
"Kik to trade, have fun or a conversation  (kik: youraffair) #kik #kikme #messageme #textme #pics #trade #tradepics #dm  #bored",anger,joy
If I spend even 5 minutes with you and you already irritate me I seriously will bitch you out until you shut up,anger,anger
Sting is just too damn earnest for early morning listening. ,anger,anger
@LiamCannon1 He's just too raging to type properly... Ha ha!,anger,joy
"@FluDino Event started! everyone is getting ready to travel to the lake of rage, where everything glows",anger,joy
Hillary Clinton looked the other way to the Saudi war on women and their terror financing because they bought her off.,fear,anger
@Evan_McMullin @TheBlazeRadio Classic SHITLIB bullshit. Create a horrible problem and then 'discuss' how to solve it. What a PIMP.,fear,anger
"But I was so intrigued by your style, boy.Always been a sucker for a wild boy #alarm -@AnneMarieIAm",fear,joy
When you're scared to press send #bgoodthepoet #PrayForMe #ThisIsAGodDream #career #help  #heart #HeartRacing,fear,fear
Okay. Brace yourself. I will attempt my first loaf of bread in the morning. I will use a dutch oven. I will make the dough now. #nervous,fear,fear
@joey_coops yes Hun! Avoid at all costs!! #nightmare,fear,anger
An adviser to the #European #Union’s top #court said #Hamas and the #Tamil #Tigers should be taken off the EU’s #terror list.#lka,fear,joy
"@madhav_pastey moral of the story, never check mails in the night. PS. Most notices have nothing much to worry about. @ashwinikn",fear,fear
@joey_coops yes Hun! Avoid at all costs!! ,fear,anger
"Came in to work today 1.5 hours late.1st thing I hear: 'Ma'am,the big boss has been waiting for you in his office.' #panic #hateBeingLate 😩😪",fear,fear
"Gahh...BT, in queue for 30 minutes.. Now put through to BT Sport dept to cancel... back in a queue again... #shocking",fear,anger
Trying to book holiday flights on @britishairways website is becoming a #nightmare,fear,anger
@mikefreemanNFL \nIsn't OBrien supposed to be some sort of offensive genius ,fear,anger
Why upping rooms makes a few apprehend leaving out charcoal ownership: UnZU,fear,fear
"@stephenfhayes Mustard gas = hostile work environment, not #terrorism; call #OSHA not #military",fear,anger
About 7 weeks till I can pick up my camera again. Though I think there is a group cemetery shoot in october I can make! #photography #horror,fear,joy
I know this is going to be one of those nights where it takes an Act of God to fall asleep. ,fear,sadness
@SAHARTHERAPPER I unfollowed without hesitation &lt;3,fear,joy
"By officialy adopting #BurhanWani, a #Hizbul terrorist, #Pakistan n #NawazSharif hv md a cardinal mistake 2day tht'll haunt fr years. #UNGA",fear,anger
"@JeffersonLake speaking of ex cobblers, saw Ricky Holmes at Charlton last week.. tracking back &amp; defending... I dread seeing Gorre on ball..",fear,fear
@GigaFag @pipertownsend_ snapchat new would beg to differ ,joy,joy
"Imagine how sad LA fans are gona be when they get eliminated...Man that's gonna be Nirvana, a religious experience rejoicing in their misery",joy,joy
@Bridget_Jones was joyous. Worried I would be disappointed. Most definitely was not. #chickflick #giggles #comethefuckonbridget,joy,joy
"A cheerful heart is good medicine, but a broken spirit saps a person's strength.' {Proverbs 17:22} #WednesdayWisdom",joy,joy
So far ours greet have raised £250 for @HGatChristmas with more to come in #sparkling @CllrJohnFox @simoncotton69,joy,joy
@Gronnhair @buryprofs @DittoBistro it was indeed lovely and the team were incredibly attentive and on the ball. Cheese was a lively gesture!,joy,joy
@harrietemmett great minds think alike. ,joy,joy
A lifetime of laughter at the expense of the death of a bachelor,joy,joy
"Be it a rainy day, be it cheerful sunshine, I am a Prussian, want nothing to be but a Prussian.:|",joy,joy
@billie21806 @cnnbrk tell that to your bodies cheering on the deaths of black people by cops. their fear is killing us.,joy,anger
Metal keeps you young and spry and keeps your hair luxurious.\n\nYES\n\nSHUT UP AND LISTEN TO ME,joy,anger
I love my family so much #lucky #grateful #smartassfamily #hilarious #love,joy,joy
@Communism_Kills i get the subway melt and make sure it's only hearty italian bread... black olives are a must though,joy,joy
@HunterDean_ [he gives a gleeful squeak and wraps around you] All mine!,joy,joy
The smell of freshly cut grass didn't even cheer me up...boy oh boy,joy,sadness
@MichiganBromo Good optimism sir :),joy,joy
"@DocBellsSwan *peers down at you, eyes crinkling with mirth and affection* I do love ye so, my bonnie Belle.",joy,joy
How can l rule my mind !!!!!! \nIt's hilarious that you can't 😭😑😮,joy,joy
@bruins_514 @gorddownie @thehipdotcom It would be #TragicallyHip if they can #help @TOYSFORASMILE make #hospitalized  #sick #kids #smile 😊✌❤,joy,joy
@NateBLoL no it was that clear American naturally flavored sparkling water,joy,joy
you are on an endless journey of figuring yourself out; don't be discouraged when you don't know who you are yet.,sadness,joy
@OHSOVICTORIOUS_ @FaZeAdapt We all seen it coming.. it's sad. But her Instagram comments on her pics are funny. Adapts fans blew it up 😂😂😂,sadness,joy
yesterday i finished watching penny dreadful and from all the beautiful things i saw one question remains: were the writers HIM's fans?,sadness,joy
Might go on @RadioX tomorrow to hopefully win a new car. My current one stinks of gone off milk. #grim,sadness,joy
"@GRIPLIKEAVICE_ I wouldn't mind if it didn't you know, threaten my job when I disagree. Puts a damper on things.",sadness,anger
"@GolfStrat out of Rory starts. What would your B group look like w/o him? Hideki and Walker, and throw Reed or Knox on the pine?",sadness,anger
"@kempicepoland don't think he did, and he didn't have the rucksack or laptop in his possession, murky business, on that note I'm away to bed",sadness,sadness
"Hello my dear friends, I will be back online this Friday night. I miss you! #sober #sobriety #recovery",sadness,joy
@1johndes ball watching &amp; Rojo'd header was equally dreadful!!,sadness,anger
amateur author Twitter might be the most depressing thing I've ever seen,sadness,sadness
Public products: high downhearted price tag consumer survey sum and substance: OVth,sadness,sadness
@pmo100 @5liveSport .....I heard talk something is a miss. He looks weary.,sadness,sadness
Don't depress yourself by comparing yourself. No comparisons.,sadness,sadness
@AnjiDunlap droop in leggings? Are they wearing XXXL?,sadness,anger
“Dyslexia is the affliction of a frozen genius.”― Stephen Richards,sadness,sadness
watching this uni reveal is so depressing i miss stingrays :(,sadness,sadness
"A pessimist is someone who, when opportunity knocks, complains about the noise #mikeshumor",sadness,joy
and for inconsolable Oxford academics - 'Brussels should just ignore the #Brexit vote and tell the UK it can't leave the EU....ever....wah',sadness,anger
My life went from happy to unhappy..,sadness,sadness
aaahhhh! a little @OtisRedding to soothe the soul. #music ,sadness,joy
